case_id,layout_name,source_layout_csv,output_dir,num_turbines,installed_capacity_mw,gross_aep_gwh,net_aep_gwh,wake_loss_gwh,wake_loss_pct,gross_capacity_factor,net_capacity_factor
fid_45,layout_fid7_10t_candidate_v2,data/optimisation/fid_45/selected_layout/layout_fid_45_aligned.csv,outputs/wake/selected_cases/fid_45,10,42.00000000000001,115.77748747745608,109.73662524073248,6.040862236723598,5.217648411915883,0.3146811466554035,0.29826219080433913
fid_48,layout_fid7_10t_candidate_v2,data/optimisation/fid_48/selected_layout/layout_fid_48_aligned.csv,outputs/wake/selected_cases/fid_48,10,42.00000000000001,115.77748747745608,109.73662524073248,6.040862236723598,5.217648411915883,0.3146811466554035,0.29826219080433913
fid_7,layout_multisite_12t_candidate_d,data/optimisation/fid_7/selected_layout/layout_fid_7_aligned.csv,outputs/wake/selected_cases/fid_7,12,50.40000000000001,138.9329849729473,131.6105907857203,7.322394187227019,5.2704504899630695,0.3146811466554035,0.29809603261968237
fid_8,layout_fid7_10t_candidate_v2,data/optimisation/fid_8/selected_layout/layout_fid_8_aligned.csv,outputs/wake/selected_cases/fid_8,10,42.00000000000001,115.77748747745608,109.73662524073248,6.040862236723598,5.217648411915883,0.3146811466554035,0.29826219080433913
fid_94,layout_fid7_10t_candidate_v2,data/optimisation/fid_94/selected_layout/layout_fid_94_aligned.csv,outputs/wake/selected_cases/fid_94,10,42.00000000000001,115.77748747745608,109.73662524073248,6.040862236723598,5.217648411915883,0.3146811466554035,0.29826219080433913
